{
    "ERRORS": {
        "v1": "Sorry, I can't understand the command. Please say again.",
        "v2": "Sorry, I didn't get that. Could you say it again?."
    },
    "HELP": {
        "MESSAGE": "This is the Alexa Skill for rocket chat. Refer sample utterances file on GitHub.",
        "CARD_TITLE": "Rocket.Chat Help"
    },
    "GOODBYE": {
        "MESSAGE": "Thanks for using Rocket Chat.",
        "CARD_TITLE": "Goodbye!"
    },
    "WELCOME": {
        "SUCCESS": "Welcome To Rocket Chat Alexa Skill. What Would you like to do today?",
        "SUCCESS_RETURN_USER": "Welcome back! What Would you like to do today?",
        "CARD_TITLE": "Welcome To Rocket.Chat",
        "ERROR": "To start using this skill, please use the companion app to authenticate."
    },
    "NOTIFICATION_SETTINGS": {
        "SUCCESS_USERMENTIONS": "I have updated your settings. You will now receive notifications for user mentions only.",
        "SUCCESS_UNREADS": "I have updated your settings. You will now receive notifications for unread messages only.",
        "CARD_TITLE": "Change Notification Settings",
        "ERROR": "To start receiving notifications from this skill, please use the companion app to give the permission.",
        "ERROR_TURNED_OFF": "You have turned off the notification settings for this skill. To start receiving notifications again, please use the companion app to give the permission.",
        "ERROR_ALREADY_USERMENTIONS": "Your notification settings are already set to user mentions.",
        "ERROR_ALREADY_UNREADS": "Your notification settings are already set to unread messages."
    },
    "POST_MESSAGE": {
        "SUCCESS": "I've sent your message.",
        "AUTH_ERROR": "Sorry you are currently signed out , please use the companion app to authenticate ",
        "CARD_TITLE": "Post A Message",
        "ERROR": "Sorry, I couldn't send your message right now.",
        "DENIED": "Okay, let's try again."
    },
    "CREATE_CHANNEL": {
        "SUCCESS": "I've created your channel {channelName}.",
        "AUTH_ERROR": "Sorry you are currently signed out , please use the companion app to authenticate ",
        "CARD_TITLE": "Create A Channel",
        "ERROR": "Sorry, I couldn't create the channel {channelName} right now.",
        "ERROR_DUPLICATE_NAME": "Sorry, the channel {channelName} already exists. Please try again with different channel name.",
        "ERROR_INVALID_NAME": "Sorry, {channelName} is not a valid channel name. Please try again with a single word name for the channel.",
        "DENIED": "Okay, let's try again."
    },
    "DELETE_CHANNEL": {
        "SUCCESS": "I've deleted the channel {channelName}.",
        "AUTH_ERROR": "Sorry you are currently signed out , please use the companion app to authenticate ",
        "CARD_TITLE": "Delete A Channel",
        "ERROR": "Sorry, I couldn't delete the channel {channelName} right now.",
        "ERROR_NOT_FOUND": "Sorry, the channel {channelName} does not exist. Please try again with different channel name.",
        "DENIED": "Okay, let's try again."
    },
    "GET_LAST_MESSAGE_FROM_CHANNEL": {
        "SUCCESS": "{name} says, {message}.",
        "CARD_TITLE": "Channel Last Message",
        "AUTH_ERROR": "Sorry you are currently signed out , please use the companion app to authenticate ",
        "ERROR": "Sorry, I couldn't find the channel {channelName} right now.",
        "ERROR_NOT_FOUND": "Sorry, the channel {channelName} does not exist. Please try again with different channel name."
    },
    "GET_UNREAD_MESSAGES_FROM_CHANNEL": {
        "MESSAGE": "You Have {unread} Unread Messages <break time='1s'/> {respString} <break time='0.7s'/> ",
        "AUTH_ERROR": "Sorry you are currently signed out , please use the companion app to authenticate ",
        "NO_MESSAGE": "You Don't Have Any Unread Messages.",
        "CARD_TITLE": "Channel Unread Messages",
        "ERROR": "Sorry, I couldn't find the channel {channelName} right now.",
        "ERROR_NOT_FOUND": "Sorry, the channel {channelName} does not exist. Please try again with different channel name."
    },
    "MAKE_MODERATOR": {
        "SUCCESS": "{userName} is now the moderator of {channelName}.",
        "AUTH_ERROR": "Sorry you are currently signed out , please use the companion app to authenticate ",
        "CARD_TITLE": "Make Moderator",
        "ERROR": "Sorry, I couldn't assign a moderator right now.",
        "ERROR_NOT_FOUND": "Sorry, I couldn't assign a moderator to {channelName} right now."
    },
    "ADD_ALL_TO_CHANNEL": {
        "SUCCESS": "Added All Users To {channelName}.",
        "AUTH_ERROR": "Sorry you are currently signed out , please use the companion app to authenticate ",
        "CARD_TITLE": "Add All To Channel",
        "ERROR": "Sorry, I am unable to add all users to the channel right now.",
        "ERROR_NOT_FOUND": "Sorry, I am unable to add all users to channel {channelName} right now."
    },
    "ADD_OWNER": {
        "SUCCESS": "{userName} is now the owner of {channelName}.",
        "AUTH_ERROR": "Sorry you are currently signed out , please use the companion app to authenticate ",
        "CARD_TITLE": "Add Owner",
        "ERROR": "Sorry, I couldn't assign a owner to the channel right now.",
        "ERROR_NOT_FOUND": "Sorry, I couldn't assign a owner to channel {channelName} right now."
    },
    "ARCHIVE_CHANNEL": {
        "SUCCESS": "{channelName} is now archived.",
        "AUTH_ERROR": "Sorry you are currently signed out , please use the companion app to authenticate ",
        "CARD_TITLE": "Archive Channel",
        "ERROR": "Sorry, I couldn't archive this channel right now.",
        "ERROR_NOT_FOUND": "Sorry, I couldn't archive channel {channelName} right now."
    }
  }
