{
    "ERRORS": {
        "v1": "Desculpe, não consigo entender o comando. Por favor, repita.",
        "v2": "Desculpe, eu não entendi. Você poderia dizer isso de novo?"
    },
    "HELP": {
        "MESSAGE": "Este é o Alexa Skill para chat de foguetes. Consulte o arquivo de declarações de amostra no GitHub.",
        "CARD_TITLE": "Rocket.Chat Ajuda"
    },
    "GOODBYE": {
        "MESSAGE": "Obrigado por usar o Rocket Chat.",
        "CARD_TITLE": "Adeus!"
    },
    "WELCOME": {
        "SUCCESS": "Bem-vindo ao Rocket Chat Alexa Skill. O que você gostaria de fazer hoje?",
        "CARD_TITLE": "Bem-vindo ao Rocket.Chat",
        "ERROR": "Para começar a usar essa habilidade, use o aplicativo complementar para autenticar."
    },
    "POST_MESSAGE": {
        "SUCCESS": "Eu enviei sua mensagem.",
        "AUTH_ERROR": "Desculpe, mas você está desconectado, use o aplicativo complementar para autenticar",
        "CARD_TITLE": "Envie uma mensagem",
        "ERROR": "Desculpe, não consegui enviar sua mensagem agora."
    },
    "CREATE_CHANNEL": {
        "SUCCESS": "Eu criei seu canal {channelName}.",
        "AUTH_ERROR": "Desculpe, mas você está desconectado, use o aplicativo complementar para autenticar",
        "CARD_TITLE": "Crie um canal",
        "ERROR": "Desculpe, não consegui criar o canal {channelName} agora.",
        "ERROR_DUPLICATE_NAME": "Desculpe, o canal {channelName} já existe. Por favor, tente novamente com o nome do canal diferente.",
        "ERROR_INVALID_NAME": "Desculpe, {channelName} não é um nome de canal válido. Por favor, tente novamente com um único nome de palavra para o canal."
    },
    "DELETE_CHANNEL": {
        "SUCCESS": "Eu deletei o canal {channelName}.",
        "AUTH_ERROR": "Desculpe, mas você está desconectado, use o aplicativo complementar para autenticar",
        "CARD_TITLE": "Excluir um canal",
        "ERROR": "Desculpe, não foi possível excluir o canal {channelName} agora.",
        "ERROR_NOT_FOUND": "Desculpe, o canal {channelName} não existe. Por favor, tente novamente com o nome do canal diferente."
    },
    "GET_LAST_MESSAGE_FROM_CHANNEL": {
        "SUCCESS": "{name} diz {message}.",
        "AUTH_ERROR": "Desculpe, mas você está desconectado, use o aplicativo complementar para autenticar",
        "CARD_TITLE": "Última mensagem do canal",
        "ERROR": "Desculpe, não encontrei o canal {channelName} agora.",
        "ERROR_NOT_FOUND": "Desculpe, o canal {channelName} não existe. Por favor, tente novamente com o nome do canal diferente."
    },
    "GET_UNREAD_MESSAGES_FROM_CHANNEL": {
        "MESSAGE": "Você tem {unread} mensagens não lidas <break time='1s'/> {respString} <break time='0.7s'/> ",
        "AUTH_ERROR": "Desculpe, mas você está desconectado, use o aplicativo complementar para autenticar",
        "NO_MESSAGE": "Você não tem nenhuma mensagem não lida.",
        "CARD_TITLE": "Mensagens não lidas do canal",
        "ERROR": "Desculpe, não encontrei o canal {channelName} agora.",
        "ERROR_NOT_FOUND": "Desculpe, o canal {channelName} não existe. Por favor, tente novamente com o nome do canal diferente."
    },
    "MAKE_MODERATOR": {
        "SUCCESS": "{userName} é agora o moderador de {channelName}.",
        "AUTH_ERROR": "Desculpe, mas você está desconectado, use o aplicativo complementar para autenticar",
        "CARD_TITLE": "Torne moderador",
        "ERROR": "Desculpe, não consegui atribuir um moderador agora.",
        "ERROR_NOT_FOUND": "Não foi possível atribuir um moderador a {channelName} agora."
    },
    "ADD_ALL_TO_CHANNEL": {
        "SUCCESS": "Adicionou todos os usuários a {channelName}.",
        "AUTH_ERROR": "Desculpe, mas você está desconectado, use o aplicativo complementar para autenticar",
        "CARD_TITLE": "Adicionar todos ao canal",
        "ERROR": "Desculpe, não é possível adicionar todos os usuários ao canal no momento.",
        "ERROR_NOT_FOUND": "Desculpe, não é possível adicionar todos os usuários ao canal {channelName} agora."
    },
    "ADD_OWNER": {
        "SUCCESS": "{userName} agora é o proprietário de {channelName}.",
        "AUTH_ERROR": "Desculpe, mas você está desconectado, use o aplicativo complementar para autenticar",
        "CARD_TITLE": "Adicionar proprietário",
        "ERROR": "Desculpe, não consegui atribuir um proprietário ao canal agora.",
        "ERROR_NOT_FOUND": "Desculpe, não consegui atribuir um proprietário ao canal {channelName} agora."
    },
    "ARCHIVE_CHANNEL": {
        "SUCCESS": "{channelName} agora está arquivado.",
        "AUTH_ERROR": "Desculpe, mas você está desconectado, use o aplicativo complementar para autenticar",
        "CARD_TITLE": "Arquivar canal",
        "ERROR": "Desculpe, não consegui arquivar este canal agora.",
        "ERROR_NOT_FOUND": "Desculpe, não foi possível arquivar o canal {channelName} agora."
    }
  }
